METATRYP_taxa_name,genome_name,ncbi_id,img_genome_id,tax_domain,tax_phylum,tax_class,tax_order,tax_family,tax_genus,tax_species
Aciduliprofundum_boonei_T469,Aciduliprofundum boonei T469,439481,646564501,Bacteria,Euryarchaeota,Unclassified Euryarchaeota,Unclassified Euryarchaeota,Unclassified Euryarchaeota,Aciduliprofundum,Aciduliprofundum boonei
Alcanivorax_sp_DG881,Alcanivorax sp. DG881,236097,647533109,Bacteria,Proteobacteria,Gammaproteobacteria,Oceanospirillales,Alcanivoracaceae,Alcanivorax,Unclassified Alcanivorax
Algoriphagus_machipongonensis_PR1,Algoriphagus machipongonensis PR1,388413,640612202,Bacteria,Bacteroidetes,Cytophagia,Cytophagales,Cyclobacteriaceae,Algoriphagus,Unclassified Algoriphagus
Alphaproteobacteria_sp_SAR11_HIMB5,Alphaproteobacteria sp. SAR11 HIMB5,28211,2503982040,Bacteria,Proteobacteria,Unclassified Proteobacteria,Unclassified Proteobacteria,Unclassified Proteobacteria,Unclassified Proteobacteria,Unclassified Proteobacteria
Alteromonas_australica_H17,Alteromonas australica H17,589873,2585427644,Bacteria,Proteobacteria,Gammaproteobacteria,Alteromonadales,Alteromonadaceae,Alteromonas,Unclassified Alteromonas
Alteromonas_macleodii_Black_Sea_11,Alteromonas macleodii Black Sea 11,1004785,2521172684,Bacteria,Proteobacteria,Gammaproteobacteria,Alteromonadales,Alteromonadaceae,Alteromonas,Alteromonas macleodii
Alteromonas_macleodii_D7,Alteromonas macleodii D7,28108,2684623206,Bacteria,Proteobacteria,Gammaproteobacteria,Alteromonadales,Alteromonadaceae,Alteromonas,Unclassified Alteromonas
Alteromonas_macleodii_DE,Alteromonas macleodii DE,1774373,642555105,Bacteria,Proteobacteria,Gammaproteobacteria,Alteromonadales,Alteromonadaceae,Alteromonas,Alteromonas mediterranea
Alteromonas_macleodii_HOT1A3,Alteromonas macleodii HOT1A3,28108,2687453488,Bacteria,Proteobacteria,Gammaproteobacteria,Alteromonadales,Alteromonadaceae,Alteromonas,Unclassified Alteromonas
Alteromonas_macleodii_MIT1002,Alteromonas macleodii MIT1002,28108,2645727836,Bacteria,Proteobacteria,Gammaproteobacteria,Alteromonadales,Alteromonadaceae,Alteromonas,Unclassified Alteromonas
Alteromonas_macleodii_REDSEA-S09_B2,Alteromonas macleodii REDSEA-S09_B2,28108,2651870151,Bacteria,Proteobacteria,Gammaproteobacteria,Alteromonadales,Alteromonadaceae,Alteromonas,Unclassified Alteromonas
Alteromonas_macleodii_REDSEA-S12_B5,Alteromonas macleodii REDSEA-S12_B5,28108,2651870153,Bacteria,Proteobacteria,Gammaproteobacteria,Alteromonadales,Alteromonadaceae,Alteromonas,Unclassified Alteromonas
Alteromonas_macleodii_REDSEA-S15_B11,Alteromonas macleodii REDSEA-S15_B11,28108,2651870155,Bacteria,Proteobacteria,Gammaproteobacteria,Alteromonadales,Alteromonadaceae,Alteromonas,Unclassified Alteromonas
Alteromonas_mediterranea_DE,Alteromonas mediterranea DE,1774373,642555105,Bacteria,Proteobacteria,Gammaproteobacteria,Alteromonadales,Alteromonadaceae,Alteromonas,Alteromonas mediterranea
Alteromonas_sp_ALT199,Alteromonas sp. ALT199,1298865,2524614846,Bacteria,Proteobacteria,Gammaproteobacteria,Alteromonadales,Alteromonadaceae,Alteromonas,Unclassified Alteromonas
Bacillus_sp_B14905,Bacillus sp. B14905,388400,640612200,Bacteria,Firmicutes,Bacilli,Bacillales,Bacillaceae,Bacillus,Unclassified Bacillus
Bacillus_sp_NRRL_B-14911,Bacillus sp. NRRL B-14911,313627,638341014,Bacteria,Firmicutes,Bacilli,Bacillales,Bacillaceae,Bacillus,Unclassified Bacillus
Bacillus_sp_SG-1,Bacillus sp. SG-1,161544,640963033,Bacteria,Firmicutes,Bacilli,Bacillales,Bacillaceae,Bacillus,Unclassified Bacillus
Beggiatoa_sp_Orange_Guaymas,Beggiatoa sp. Orange Guaymas,391602,2502790011,Bacteria,Proteobacteria,Gammaproteobacteria,Thiotrichales,Thiotrichaceae,Beggiatoa,Unclassified Beggiatoa
Brevundimonas_sp_BAL3,Brevundimonas sp. BAL3,391600,647533115,Bacteria,Proteobacteria,Alphaproteobacteria,Caulobacterales,Caulobacteraceae,Brevundimonas,Unclassified Brevundimonas
Caminibacter_mediatlanticus_TB-2,Caminibacter mediatlanticus TB-2,391592,640963039,Bacteria,Proteobacteria,Epsilonproteobacteria,Nautiliales,Nautiliaceae,Caminibacter,Caminibacter mediatlanticus
Candidatus_Nitrosopelagicus_brevis_CN25,Candidatus Nitrosopelagicus brevis CN25,1410606,2630968793,Bacteria,Thaumarchaeota,Unclassified Thaumarchaeota,Unclassified Thaumarchaeota,Unclassified Thaumarchaeota,Candidatus Nitrosopelagicus,Unclassified Candidatus Nitrosopelagicus
Candidatus_Pelagibacter_ubique_SAR11_HTCC1062,Candidatus Pelagibacter ubique SAR11 HTCC1062,335992,637000058,Bacteria,Proteobacteria,Alphaproteobacteria,Pelagibacterales,Pelagibacteraceae,Candidatus Pelagibacter,Candidatus Pelagibacter ubique
Carnobacterium_sp_AT7,Carnobacterium sp. AT7,333990,2501651209,Bacteria,Firmicutes,Bacilli,Lactobacillales,Carnobacteriaceae,Carnobacterium,Unclassified Carnobacterium
Citreicella_sp_SE45,Citreicella sp. SE45,501479,647533124,Bacteria,Proteobacteria,Alphaproteobacteria,Rhodobacterales,Rhodobacteraceae,Citreicella,Unclassified Citreicella
Congregibacter_litoralis_KT71,Congregibacter litoralis KT71,314285,2597489864,Bacteria,Proteobacteria,Gammaproteobacteria,Cellvibrionales,Halieaceae,Congregibacter,Congregibacter litoralis
Crocosphaera_watsonii_WH_0003,Crocosphaera watsonii WH 0003,423471,2531839001,Bacteria,Cyanobacteria,Unclassified Cyanobacteria,Chroococcales,Aphanothecaceae,Crocosphaera,Crocosphaera watsonii
Crocosphaera_watsonii_WH_0005,Crocosphaera watsonii WH 0005,423472,2636415574,Bacteria,Cyanobacteria,Unclassified Cyanobacteria,Chroococcales,Aphanothecaceae,Crocosphaera,Crocosphaera watsonii
Crocosphaera_watsonii_WH_0401_draft1,Crocosphaera watsonii WH 0401 (draft1),555881,2503283007,Bacteria,Cyanobacteria,Unclassified Cyanobacteria,Chroococcales,Aphanothecaceae,Crocosphaera,Crocosphaera watsonii
Crocosphaera_watsonii_WH_0402,Crocosphaera watsonii WH 0402,263511,2627853717,Bacteria,Cyanobacteria,Unclassified Cyanobacteria,Chroococcales,Aphanothecaceae,Crocosphaera,Unclassified Crocosphaera
Crocosphaera_watsonii_WH_8501,Crocosphaera watsonii WH 8501,165597,2503283009,Bacteria,Cyanobacteria,Unclassified Cyanobacteria,Chroococcales,Aphanothecaceae,Crocosphaera,Crocosphaera watsonii
Crocosphaera_watsonii_WH_8502,Crocosphaera watsonii WH 8502,423474,2639763078,Bacteria,Cyanobacteria,Unclassified Cyanobacteria,Chroococcales,Aphanothecaceae,Crocosphaera,Crocosphaera watsonii
Cyanobium_sp_PCC_7001,Cyanobium sp. PCC 7001,180281,647533126,Bacteria,Cyanobacteria,Unclassified Cyanobacteria,Synechococcales,Synechococcaceae,Cyanobium,Unclassified Cyanobium
Erythrobacter_litoralis_HTCC2594,Erythrobacter litoralis HTCC2594,314225,637000103,Bacteria,Proteobacteria,Alphaproteobacteria,Sphingomonadales,Erythrobacteraceae,Erythrobacter,Erythrobacter litoralis
Erythrobacter_sp_NAP1,Erythrobacter sp. NAP1,237727,638341081,Bacteria,Proteobacteria,Alphaproteobacteria,Sphingomonadales,Erythrobacteraceae,Erythrobacter,Unclassified Erythrobacter
Erythrobacter_sp_SD-21,Erythrobacter sp. SD-21,161528,640963034,Bacteria,Proteobacteria,Alphaproteobacteria,Sphingomonadales,Erythrobacteraceae,Erythrobacter,Unclassified Erythrobacter
Flavobacteria_bacterium_BAL38,Flavobacteria bacterium BAL38,391598,640612204,Bacteria,Bacteroidetes,Flavobacteriia,Flavobacteriales,Unclassified Flavobacteriales,Unclassified Flavobacteriales,Unclassified Flavobacteriales
Flavobacteria_bacterium_BBFL7,Flavobacteria bacterium BBFL7,156586,638341093,Bacteria,Bacteroidetes,Flavobacteriia,Unclassified Flavobacteriia,Unclassified Flavobacteriia,Unclassified Flavobacteriia,Unclassified Flavobacteriia
Fulvimarina_pelagi_HTCC2506,Fulvimarina pelagi HTCC2506,314231,639857001,Bacteria,Proteobacteria,Alphaproteobacteria,Rhizobiales,Aurantimonadaceae,Fulvimarina,Fulvimarina pelagi
Gammaproteobacteria_sp_OM60_HIMB55,Gammaproteobacteria sp. OM60 HIMB55,745014,2513237293,Bacteria,Proteobacteria,Gammaproteobacteria,Cellvibrionales,Halieaceae,Unclassified Halieaceae,Unclassified Halieaceae
Hydrogenivirga_sp_128-5-R1-1,Hydrogenivirga sp. 128-5-R1-1,392423,2636416138,Archaea,Aquificae,Aquificae,Aquificales,Aquificaceae,Hydrogenivirga,Unclassified Hydrogenivirga
Idiomarina_baltica_OS145,Idiomarina baltica OS145,314276,638341106,Bacteria,Proteobacteria,Gammaproteobacteria,Alteromonadales,Idiomarinaceae,Idiomarina,Idiomarina baltica
Janibacter_sp_HTCC2649,Janibacter sp. HTCC2649,313589,638341107,Bacteria,Actinobacteria,Actinobacteria,Micrococcales,Intrasporangiaceae,Janibacter,Unclassified Janibacter
Kordia_algicida_OT-1,Kordia algicida OT-1,391587,641380434,Bacteria,Bacteroidetes,Flavobacteriia,Flavobacteriales,Flavobacteriaceae,Kordia,Kordia algicida
Lentisphaera_araneosa_HTCC2155,Lentisphaera araneosa HTCC2155,313628,640963040,Bacteria,Lentisphaerae,Lentisphaeria,Lentisphaerales,Lentisphaeraceae,Lentisphaera,Lentisphaera araneosa
Limnobacter_sp_MED105,Limnobacter sp. MED105,391597,640963026,Bacteria,Proteobacteria,Betaproteobacteria,Burkholderiales,Burkholderiaceae,Limnobacter,Unclassified Limnobacter
Loktanella_sp_SE62,Loktanella sp. SE62,744983,2517487002,Bacteria,Proteobacteria,Alphaproteobacteria,Rhodobacterales,Rhodobacteraceae,Loktanella,Unclassified Loktanella
Loktanella_vestfoldensis_SKA53,Loktanella vestfoldensis SKA53,314232,638341119,Bacteria,Proteobacteria,Alphaproteobacteria,Rhodobacterales,Rhodobacteraceae,Yoonia,Yoonia vestfoldensis
marine_actinobacterium_PHSC20C1,marine actinobacterium PHSC20C1,312284,638341246,Bacteria,Actinobacteria,Actinobacteria,Unclassified Actinobacteria,Unclassified Actinobacteria,Unclassified Actinobacteria,Unclassified Actinobacteria
Marinitoga_piezophila_KA3,Marinitoga piezophila KA3,443254,2508501120,Bacteria,Thermotogae,Thermotogae,Petrotogales,Unclassified Petrotogales,Marinitoga,Marinitoga piezophila
Microbulbifer_agarilyticus_S89,Microbulbifer agarilyticus S89,1042377,2547132385,Archaea,Proteobacteria,Gammaproteobacteria,Cellvibrionales,Microbulbiferaceae,Microbulbifer,Microbulbifer agarilyticus
Nitrobacter_hamburgensis_X14,Nitrobacter hamburgensis X14,323097,,Bacteria,Proteobacteria,Alphaproteobacteria,Rhizobiales,Bradyrhizobiaceae,Nitrobacter,Nitrobacter hamburgensis
Nitrococcus_mobilis_Nb-231,Nitrococcus mobilis Nb-231,314278,,Bacteria,Proteobacteria,Gammaproteobacteria,Chromatiales,Ectothiorhodospiraceae,Nitrococcus,Nitrococcus mobilis
Nitrosopelagicus_brevis_1,Nitrosopelagicus brevis 1,1410606,,Bacteria,Thaumarchaeota,Unclassified Thaumarchaeota,Unclassified Thaumarchaeota,Unclassified Thaumarchaeota,Candidatus Nitrosopelagicus,Unclassified Candidatus Nitrosopelagicus
Nitrosopelagicus_sp_REDSEA-S32_B2,Nitrosopelagicus sp. REDSEA-S32_B2,338191,2651870210,Bacteria,Thaumarchaeota,Unclassified Thaumarchaeota,Nitrosopumilales,Nitrosopumilaceae,Unclassified Nitrosopumilaceae,Unclassified Nitrosopumilaceae
Nitrosopumilus_maritimus_SCM1,Nitrosopumilus maritimus SCM1,436308,,Bacteria,Thaumarchaeota,Unclassified Thaumarchaeota,Nitrosopumilales,Nitrosopumilaceae,Nitrosopumilus,Nitrosopumilus maritimus
Nitrospina_sp_AB-629-B18,Nitrospina sp. AB-629-B18,1131269,,Bacteria,Nitrospinae,Nitrospinia,Nitrospinales,Nitrospinaceae,Nitrospina,Unclassified Nitrospina
Nitrospina_sp_SCGC_AAA799-A02,Nitrospina sp. SCGC AAA799-A02,1131269,,Bacteria,Nitrospinae,Nitrospinia,Nitrospinales,Nitrospinaceae,Nitrospina,Unclassified Nitrospina
Nitrospina_sp_SCGC_AAA799-C22,Nitrospina sp. SCGC AAA799-C22,1131269,,Bacteria,Nitrospinae,Nitrospinia,Nitrospinales,Nitrospinaceae,Nitrospina,Unclassified Nitrospina
Nitrospira_defluvii,Nitrospira defluvii,330214,,Bacteria,Nitrospirae,Nitrospira,Nitrospirales,Nitrospiraceae,Nitrospira,Unclassified Nitrospira
Planctomycetaceae_bacterium_KSU-1,Planctomycetaceae bacterium KSU-1,247490,2531839184,Bacteria,Planctomycetes,Planctomycetia,Candidatus Brocadiales,Candidatus Brocadiaceae,Candidatus Jettenia,Unclassified Candidatus Jettenia
Prochlorococcus_marinus_MIT9312,Prochlorococcus marinus MIT9312,74546,637000210,Bacteria,Cyanobacteria,Unclassified Cyanobacteria,Synechococcales,Prochloraceae,Prochlorococcus,Prochlorococcus marinus
Prochlorococcus_sp_MIT9201,Prochlorococcus sp. MIT9201,93057,2606217687,Bacteria,Cyanobacteria,Unclassified Cyanobacteria,Synechococcales,Prochloraceae,Prochlorococcus,Prochlorococcus marinus
Prochlorococcus_sp_MIT9202,Prochlorococcus sp. MIT9202,93058,647533199,Bacteria,Cyanobacteria,Unclassified Cyanobacteria,Synechococcales,Prochloraceae,Prochlorococcus,Prochlorococcus marinus
Prochlorococcus_sp_MIT9211,Prochlorococcus sp. MIT9211,93059,641228501,Bacteria,Cyanobacteria,Unclassified Cyanobacteria,Synechococcales,Prochloraceae,Prochlorococcus,Prochlorococcus marinus
Prochlorococcus_sp_MIT9215,Prochlorococcus sp. MIT9215,93060,640753041,Bacteria,Cyanobacteria,Unclassified Cyanobacteria,Synechococcales,Prochloraceae,Prochlorococcus,Prochlorococcus marinus
Prochlorococcus_sp_MIT9301,Prochlorococcus sp. MIT9301,167546,640069322,Bacteria,Cyanobacteria,Unclassified Cyanobacteria,Synechococcales,Prochloraceae,Prochlorococcus,Prochlorococcus marinus
Prochlorococcus_sp_MIT9302,Prochlorococcus sp. MIT9302,74545,2606217691,Archaea,Cyanobacteria,Unclassified Cyanobacteria,Synechococcales,Prochloraceae,Prochlorococcus,Prochlorococcus marinus
Prochlorococcus_sp_MIT9303,Prochlorococcus sp. MIT9303,59922,640069323,Bacteria,Cyanobacteria,Unclassified Cyanobacteria,Synechococcales,Prochloraceae,Prochlorococcus,Prochlorococcus marinus
Prochlorococcus_sp_MIT9311,Prochlorococcus sp. MIT9311,167547,2606217680,Bacteria,Cyanobacteria,Unclassified Cyanobacteria,Synechococcales,Prochloraceae,Prochlorococcus,Prochlorococcus marinus
Prochlorococcus_sp_MIT9314,Prochlorococcus sp. MIT9314,167548,2606217312,Bacteria,Cyanobacteria,Unclassified Cyanobacteria,Synechococcales,Prochloraceae,Prochlorococcus,Prochlorococcus marinus
Prochlorococcus_sp_MIT9321,Prochlorococcus sp. MIT9321,167549,2606217683,Bacteria,Cyanobacteria,Unclassified Cyanobacteria,Synechococcales,Prochloraceae,Prochlorococcus,Prochlorococcus marinus
Prochlorococcus_sp_MIT9322,Prochlorococcus sp. MIT9322,167550,2606217679,Bacteria,Cyanobacteria,Unclassified Cyanobacteria,Synechococcales,Prochloraceae,Prochlorococcus,Prochlorococcus marinus
Prochlorococcus_sp_MIT9401,Prochlorococcus sp. MIT9401,167551,2606217316,Bacteria,Cyanobacteria,Unclassified Cyanobacteria,Synechococcales,Prochloraceae,Prochlorococcus,Prochlorococcus marinus
Prochlorococcus_sp_MIT9515,Prochlorococcus sp. MIT9515,167542,640069324,Bacteria,Cyanobacteria,Unclassified Cyanobacteria,Synechococcales,Prochloraceae,Prochlorococcus,Prochlorococcus marinus
Prochlorococcus_sp_NATL1A,Prochlorococcus sp. NATL1A,167555,640069325,Bacteria,Cyanobacteria,Unclassified Cyanobacteria,Synechococcales,Prochloraceae,Prochlorococcus,Prochlorococcus marinus
Prochlorococcus_sp_NATL2A,Prochlorococcus sp. NATL2A,59920,637000212,Bacteria,Cyanobacteria,Unclassified Cyanobacteria,Synechococcales,Prochloraceae,Prochlorococcus,Prochlorococcus marinus
Prochlorococcus_sp_SB,Prochlorococcus sp. SB,59926,2606217677,Bacteria,Cyanobacteria,Unclassified Cyanobacteria,Synechococcales,Prochloraceae,Prochlorococcus,Prochlorococcus marinus
Prochlorococcus_sp_SS35,Prochlorococcus sp. SS35,167553,2606217311,Bacteria,Cyanobacteria,Unclassified Cyanobacteria,Synechococcales,Prochloraceae,Prochlorococcus,Prochlorococcus marinus
Prochlorococcus_sp_SS51,Prochlorococcus sp. SS51,167554,2606217315,Bacteria,Cyanobacteria,Unclassified Cyanobacteria,Synechococcales,Prochloraceae,Prochlorococcus,Prochlorococcus marinus
Prochlorococcus_sp_SS52,Prochlorococcus sp. SS52,1499501,2606217314,Bacteria,Cyanobacteria,Unclassified Cyanobacteria,Synechococcales,Prochloraceae,Prochlorococcus,Unclassified Prochlorococcus
Pseudoalteromonas_arctica_A_37-1-2,Pseudoalteromonas arctica A 37-1-2,1117313,2541047156,Bacteria,Proteobacteria,Gammaproteobacteria,Alteromonadales,Pseudoalteromonadaceae,Pseudoalteromonas,Pseudoalteromonas arctica
Pseudoalteromonas_atlantica_T6c,Pseudoalteromonas atlantica T6c,342610,637000216,Bacteria,Proteobacteria,Gammaproteobacteria,Alteromonadales,Pseudoalteromonadaceae,Pseudoalteromonas,Pseudoalteromonas atlantica
Pseudoalteromonas_atlantica_TB41,Pseudoalteromonas atlantica TB41,985149,2579778892,Bacteria,Proteobacteria,Gammaproteobacteria,Alteromonadales,Pseudoalteromonadaceae,Pseudoalteromonas,Unclassified Pseudoalteromonas
Pseudoalteromonas_denitrificans_DSM_6059,Pseudoalteromonas denitrificans DSM 6059,1123010,2599185267,Bacteria,Proteobacteria,Gammaproteobacteria,Alteromonadales,Pseudoalteromonadaceae,Pseudoalteromonas,Pseudoalteromonas denitrificans
Pseudoalteromonas_piscicida_ATCC_15057,Pseudoalteromonas piscicida ATCC 15057,1279016,2519899641,Bacteria,Proteobacteria,Gammaproteobacteria,Alteromonadales,Pseudoalteromonadaceae,Pseudoalteromonas,Pseudoalteromonas piscicida
Pseudoalteromonas_rubra_ATCC_29570,Pseudoalteromonas rubra ATCC 29570,1117318,2541047006,Bacteria,Proteobacteria,Gammaproteobacteria,Alteromonadales,Pseudoalteromonadaceae,Pseudoalteromonas,Pseudoalteromonas rubra
Pseudoalteromonas_rubra_S2471,Pseudoalteromonas rubra S2471,43658,2671180867,Bacteria,Proteobacteria,Gammaproteobacteria,Alteromonadales,Pseudoalteromonadaceae,Pseudoalteromonas,Unclassified Pseudoalteromonas
Richelia_intracellularis_RC01,Richelia intracellularis RC01,1164990,2622736407,Bacteria,Cyanobacteria,Unclassified Cyanobacteria,Nostocales,Nostocaceae,Richelia,Unclassified Richelia
Roseobacter_litoralis_Och_149,Roseobacter litoralis Och 149,391595,2510065042,Bacteria,Proteobacteria,Alphaproteobacteria,Rhodobacterales,Rhodobacteraceae,Roseobacter,Roseobacter litoralis
Roseobacter_sp_AzwK-3b,Roseobacter sp. AzwK-3b,351016,640963029,Bacteria,Proteobacteria,Alphaproteobacteria,Rhodobacterales,Rhodobacteraceae,Roseobacter,Unclassified Roseobacter
Roseobacter_sp_CCS2,Roseobacter sp. CCS2,391593,640612221,Bacteria,Proteobacteria,Alphaproteobacteria,Rhodobacterales,Rhodobacteraceae,Roseobacter,Unclassified Roseobacter
Roseobacter_sp_GAI101,Roseobacter sp. GAI101,391589,647533205,Bacteria,Proteobacteria,Alphaproteobacteria,Rhodobacterales,Rhodobacteraceae,Roseobacter,Unclassified Roseobacter
Roseobacter_sp_MED193,Roseobacter sp. MED193,314262,638341182,Bacteria,Proteobacteria,Alphaproteobacteria,Rhodobacterales,Rhodobacteraceae,Roseobacter,Unclassified Roseobacter
Roseobacter_sp_SK209-2-6,Roseobacter sp. SK209-2-6,388739,640612220,Bacteria,Proteobacteria,Alphaproteobacteria,Rhodobacterales,Rhodobacteraceae,Roseobacter,Unclassified Roseobacter
Roseovarius_nubinhibens_ISM,Roseovarius nubinhibens ISM,89187,638341183,Bacteria,Proteobacteria,Alphaproteobacteria,Rhodobacterales,Rhodobacteraceae,Roseovarius,Roseovarius nubinhibens
Roseovarius_sp_TM1035,Roseovarius sp. TM1035,391613,640963035,Bacteria,Proteobacteria,Alphaproteobacteria,Rhodobacterales,Rhodobacteraceae,Roseovarius,Unclassified Roseovarius
Sagittula_stellata_E-37,Sagittula stellata E-37,388399,640612219,Bacteria,Proteobacteria,Alphaproteobacteria,Rhodobacterales,Rhodobacteraceae,Sagittula,Sagittula stellata
SAR116_cluster_alpha_proteobacterium_sp_HIMB100,SAR116 cluster alpha proteobacterium sp. HIMB100,281031,2503113005,Bacteria,Proteobacteria,Alphaproteobacteria,Unclassified Alphaproteobacteria,Unclassified Alphaproteobacteria,Unclassified Alphaproteobacteria,Unclassified Alphaproteobacteria
SAR116_cluster_alphaproteobacterium_REDSEA-S10...,SAR116 cluster alphaproteobacterium REDSEA-S10_B10N8,62654,2651870131,Bacteria,Proteobacteria,Alphaproteobacteria,Unclassified Alphaproteobacteria,Unclassified Alphaproteobacteria,Unclassified Alphaproteobacteria,Unclassified Alphaproteobacteria
SAR116_cluster_alphaproteobacterium_REDSEA-S2_B12,SAR116 cluster alphaproteobacterium REDSEA-S2_B12,62654,2654587886,Bacteria,Proteobacteria,Alphaproteobacteria,Unclassified Alphaproteobacteria,Unclassified Alphaproteobacteria,Unclassified Alphaproteobacteria,Unclassified Alphaproteobacteria
Shewanella_benthica_KT99,Shewanella benthica KT99,314608,2501651207,Bacteria,Proteobacteria,Gammaproteobacteria,Alteromonadales,Shewanellaceae,Shewanella,Shewanella benthica
Sphingomonas_sp_SKA58,Sphingomonas sp. SKA58,314266,638341199,Bacteria,Proteobacteria,Alphaproteobacteria,Sphingomonadales,Sphingomonadaceae,Sphingomonas,Unclassified Sphingomonas
Stenotrophomonas_sp_SKA14,Stenotrophomonas sp. SKA14,391601,647533230,Bacteria,Proteobacteria,Gammaproteobacteria,Xanthomonadales,Xanthomonadaceae,Stenotrophomonas,Unclassified Stenotrophomonas
Sulfitobacter_sp_EE-36,Sulfitobacter sp. EE-36,52598,638341211,Bacteria,Proteobacteria,Alphaproteobacteria,Rhodobacterales,Rhodobacteraceae,Sulfitobacter,Unclassified Sulfitobacter
Sulfitobacter_sp_NAS-141,Sulfitobacter sp. NAS-14.1,314267,638341212,Bacteria,Proteobacteria,Alphaproteobacteria,Rhodobacterales,Rhodobacteraceae,Sulfitobacter,Unclassified Sulfitobacter
Sulfurospirillum_sp_Am-N_draft,Sulfurospirillum sp. Am-N (draft),160628,2502171155,Bacteria,Proteobacteria,Epsilonproteobacteria,Campylobacterales,Campylobacteraceae,Sulfurospirillum,Unclassified Sulfurospirillum
Synechococcus_elongatus_PCC_6301,Synechococcus elongatus PCC 6301,269084,637000307,Bacteria,Cyanobacteria,Unclassified Cyanobacteria,Synechococcales,Synechococcaceae,Synechococcus,Synechococcus elongatus
Synechococcus_elongatus_PCC_7942,Synechococcus elongatus PCC 7942,1140,637000308,Bacteria,Cyanobacteria,Unclassified Cyanobacteria,Synechococcales,Synechococcaceae,Synechococcus,Synechococcus elongatus
Synechococcus_sp_7002,Synechococcus sp. 7002,1938862,2708742468,Bacteria,Cyanobacteria,Unclassified Cyanobacteria,Synechococcales,Synechococcaceae,Synechococcus,Unclassified Synechococcus
Synechococcus_sp_BL107,Synechococcus sp. BL107,313625,639857006,Bacteria,Cyanobacteria,Unclassified Cyanobacteria,Synechococcales,Synechococcaceae,Synechococcus,Unclassified Synechococcus
Synechococcus_sp_CB0101,Synechococcus sp. CB0101,232348,649990022,Bacteria,Cyanobacteria,Unclassified Cyanobacteria,Synechococcales,Synechococcaceae,Synechococcus,Unclassified Synechococcus
Synechococcus_sp_CB0205,Synechococcus sp. CB0205,232363,649990023,Bacteria,Cyanobacteria,Unclassified Cyanobacteria,Synechococcales,Synechococcaceae,Synechococcus,Unclassified Synechococcus
Synechococcus_sp_CC9311,Synechococcus sp. CC9311,64471,637000309,Bacteria,Cyanobacteria,Unclassified Cyanobacteria,Synechococcales,Synechococcaceae,Synechococcus,Unclassified Synechococcus
Synechococcus_sp_CC9605,Synechococcus sp. CC9605,110662,637000310,Bacteria,Cyanobacteria,Unclassified Cyanobacteria,Synechococcales,Synechococcaceae,Synechococcus,Unclassified Synechococcus
Synechococcus_sp_CC9616,Synechococcus sp. CC9616,110663,2517093019,Bacteria,Cyanobacteria,Unclassified Cyanobacteria,Synechococcales,Synechococcaceae,Synechococcus,Unclassified Synechococcus
Synechococcus_sp_CC9902,Synechococcus sp. CC9902,316279,637000311,Bacteria,Cyanobacteria,Unclassified Cyanobacteria,Synechococcales,Synechococcaceae,Synechococcus,Unclassified Synechococcus
Synechococcus_sp_PCC_7336,Synechococcus sp. PCC 7336,195250,2506520048,Bacteria,Cyanobacteria,Unclassified Cyanobacteria,Synechococcales,Synechococcaceae,Synechococcus,Unclassified Synechococcus
Synechococcus_sp_RS9916,Synechococcus sp. RS9916,221359,639857007,Bacteria,Cyanobacteria,Unclassified Cyanobacteria,Synechococcales,Synechococcaceae,Synechococcus,Unclassified Synechococcus
Synechococcus_sp_RS9917,Synechococcus sp. RS9917,221360,638341213,Bacteria,Cyanobacteria,Unclassified Cyanobacteria,Synechococcales,Synechococcaceae,Synechococcus,Unclassified Synechococcus
Synechococcus_sp_WH_8016,Synechococcus sp. WH 8016,166318,2507262052,Bacteria,Cyanobacteria,Unclassified Cyanobacteria,Synechococcales,Synechococcaceae,Synechococcus,Unclassified Synechococcus
Synechococcus_sp_WH_8109,Synechococcus sp. WH 8109,166314,2563366603,Bacteria,Cyanobacteria,Unclassified Cyanobacteria,Synechococcales,Synechococcaceae,Synechococcus,Unclassified Synechococcus
Synechococcus_sp_WH5701,Synechococcus sp. WH5701,69042,638341214,Bacteria,Cyanobacteria,Unclassified Cyanobacteria,Synechococcales,Synechococcaceae,Synechococcus,Unclassified Synechococcus
Synechococcus_sp_WH7803,Synechococcus sp. WH7803,32051,640427149,Bacteria,Cyanobacteria,Unclassified Cyanobacteria,Synechococcales,Synechococcaceae,Synechococcus,Unclassified Synechococcus
Synechococcus_sp_WH7805,Synechococcus sp. WH7805,59931,638341215,Bacteria,Cyanobacteria,Unclassified Cyanobacteria,Synechococcales,Synechococcaceae,Synechococcus,Unclassified Synechococcus
Synechococcus_sp_WH8102,Synechococcus sp. WH8102,84588,637000314,Bacteria,Cyanobacteria,Unclassified Cyanobacteria,Synechococcales,Synechococcaceae,Synechococcus,Unclassified Synechococcus
Thalassobium_sp_R2A62,Thalassobium sp. R2A62,633131,647533238,Bacteria,Proteobacteria,Alphaproteobacteria,Rhodobacterales,Rhodobacteraceae,Thalassobium,Unclassified Thalassobium
Thermococcus_sp_AM4,Thermococcus sp. AM4,246969,2511231053,Bacteria,Euryarchaeota,Thermococci,Thermococcales,Thermococcaceae,Thermococcus,Unclassified Thermococcus
Trichodesmium_erythraeum_IMS101,Trichodesmium erythraeum IMS101,203124,637000329,Bacteria,Cyanobacteria,Unclassified Cyanobacteria,Oscillatoriales,Microcoleaceae,Trichodesmium,Trichodesmium erythraeum
Trichodesmium_thiebautii_H9-4,Trichodesmium thiebautii H9-4,1045877,2627854162,Archaea,Cyanobacteria,Unclassified Cyanobacteria,Oscillatoriales,Microcoleaceae,Trichodesmium,Trichodesmium thiebautii
Vibrio_alginolyticus_12G01,Vibrio alginolyticus 12G01,314288,638341222,Bacteria,Proteobacteria,Gammaproteobacteria,Vibrionales,Vibrionaceae,Vibrio,Vibrio alginolyticus
Vibrio_campbellii_AND4,Vibrio campbellii AND4,314289,641380451,Archaea,Proteobacteria,Gammaproteobacteria,Vibrionales,Vibrionaceae,Vibrio,Unclassified Vibrio
Vibrio_fischeri_MJ11,Vibrio fischeri MJ11,388396,642555167,Bacteria,Proteobacteria,Gammaproteobacteria,Vibrionales,Vibrionaceae,Aliivibrio,Aliivibrio fischeri
Vibrio_parahaemolyticus_16,Vibrio parahaemolyticus 16,391586,647533245,Bacteria,Proteobacteria,Gammaproteobacteria,Vibrionales,Vibrionaceae,Vibrio,Unclassified Vibrio
Vibrio_sp_MED222,Vibrio sp. MED222,314290,638341230,Bacteria,Proteobacteria,Gammaproteobacteria,Vibrionales,Vibrionaceae,Vibrio,Unclassified Vibrio
Vibrio_splendidus_12B01,Vibrio splendidus 12B01,314291,638341231,Bacteria,Proteobacteria,Gammaproteobacteria,Vibrionales,Vibrionaceae,Vibrio,Vibrio splendidus
